{"cameraMode":{"drawMode":0,"name":"Shaded","section":"Shading Mode"},"sceneLighting":false,"audioPlay":false,"sceneViewState":{"m_AlwaysRefresh":false,"showFog":true,"showSkybox":false,"showFlares":true,"showImageEffects":true,"showParticleSystems":true,"showVisualEffectGraphs":true,"m_FxEnabled":true},"in2DMode":false,"pivot":{"x":-1.0556275844573975,"y":0.4187808930873871,"z":-13.518458366394043},"rotation":{"x":0.003480718471109867,"y":0.9964330196380615,"z":-0.05266062542796135,"w":0.06586012244224549},"size":8.547807693481446,"orthographic":false}