{"cameraMode":{"drawMode":0,"name":"Shaded","section":"Shading Mode"},"sceneLighting":false,"audioPlay":false,"sceneViewState":{"m_AlwaysRefresh":false,"showFog":true,"showSkybox":false,"showFlares":true,"showImageEffects":true,"showParticleSystems":true,"showVisualEffectGraphs":true,"m_FxEnabled":true},"in2DMode":false,"pivot":{"x":0.016316670924425126,"y":0.2946357727050781,"z":0.34152430295944216},"rotation":{"x":0.28501689434051516,"y":0.5372615456581116,"z":-0.19928918778896333,"w":0.7683821320533752},"size":0.28554919362068179,"orthographic":false}