{"cameraMode":{"drawMode":0,"name":"Shaded","section":"Shading Mode"},"sceneLighting":false,"audioPlay":false,"sceneViewState":{"m_AlwaysRefresh":false,"showFog":true,"showSkybox":false,"showFlares":true,"showImageEffects":true,"showParticleSystems":true,"showVisualEffectGraphs":true,"m_FxEnabled":true},"in2DMode":false,"pivot":{"x":9.011103630065918,"y":1.5004686117172242,"z":-13.900559425354004},"rotation":{"x":0.015564861707389355,"y":0.9791783690452576,"z":-0.1848633885383606,"w":0.08244096487760544},"size":0.5099019408226013,"orthographic":false}